{
  "loss": 0.041252464056015015,
  "compile_metrics": 0.9868460893630981,
  "f1_score": 0.9873017730703961
}