{
  "loss": 0.045310962945222855,
  "compile_metrics": 0.9870885610580444,
  "f1_score": 0.9876428612867668
}